{
    "counter": {
        "ACTIVE": 15165,
        "INACTIVE": 5834,
        "INVALID": 1,
        "MALICIOUS": 0,
        "SANE": 0,
        "VALID": 0,
        "total": 21000
    },
    "percentage": {
        "ACTIVE": 72.21428571428571,
        "INACTIVE": 27.78359843794647,
        "INVALID": 0.006957005704744678,
        "MALICIOUS": 0,
        "SANE": 0,
        "VALID": 0,
        "total": 100.00484115793692
    }
}