{
    "counter": {
        "ACTIVE": 14827,
        "INACTIVE": 6172,
        "INVALID": 1,
        "MALICIOUS": 0,
        "SANE": 0,
        "VALID": 0,
        "total": 21000
    },
    "percentage": {
        "ACTIVE": 70.6047619047619,
        "INACTIVE": 29.393275550052387,
        "INVALID": 0.006957005704744678,
        "MALICIOUS": 0,
        "SANE": 0,
        "VALID": 0,
        "total": 100.00499446051904
    }
}