{
    "counter": {
        "ACTIVE": 15036,
        "INACTIVE": 5963,
        "INVALID": 1,
        "MALICIOUS": 0,
        "SANE": 0,
        "VALID": 0,
        "total": 21000
    },
    "percentage": {
        "ACTIVE": 71.6,
        "INACTIVE": 28.39794266120583,
        "INVALID": 0.006957005704744678,
        "MALICIOUS": 0,
        "SANE": 0,
        "VALID": 0,
        "total": 100.00489966691057
    }
}