{
    "counter": {
        "ACTIVE": 14628,
        "INACTIVE": 6371,
        "INVALID": 1,
        "MALICIOUS": 0,
        "SANE": 0,
        "VALID": 0,
        "total": 21000
    },
    "percentage": {
        "ACTIVE": 69.65714285714286,
        "INACTIVE": 30.340984855700544,
        "INVALID": 0.006957005704744678,
        "MALICIOUS": 0,
        "SANE": 0,
        "VALID": 0,
        "total": 100.00508471854815
    }
}