{
    "counter": {
        "ACTIVE": 14445,
        "INACTIVE": 6554,
        "INVALID": 1,
        "MALICIOUS": 0,
        "SANE": 0,
        "VALID": 0,
        "total": 21000
    },
    "percentage": {
        "ACTIVE": 68.78571428571429,
        "INACTIVE": 31.212496428231262,
        "INVALID": 0.006957005704744678,
        "MALICIOUS": 0,
        "SANE": 0,
        "VALID": 0,
        "total": 100.0051677196503
    }
}