{
    "counter": {
        "ACTIVE": 14743,
        "INACTIVE": 6256,
        "INVALID": 1,
        "MALICIOUS": 0,
        "SANE": 0,
        "VALID": 0,
        "total": 21000
    },
    "percentage": {
        "ACTIVE": 70.20476190476191,
        "INACTIVE": 29.793313648918943,
        "INVALID": 0.006957005704744678,
        "MALICIOUS": 0,
        "SANE": 0,
        "VALID": 0,
        "total": 100.0050325593856
    }
}